INSERT INTO sc_department (id, title) VALUES(1, 'ВЕГА') ON CONFLICT DO NOTHING;                 INSERT INTO sc_department (id, title) VALUES(2, 'ВМ') ON CONFLICT DO NOTHING;                 INSERT INTO sc_department (id, title) VALUES(3, 'только для ВЕГИ') ON CONFLICT DO NOTHING;                 INSERT INTO sc_department (id, title) VALUES(4, 'только для ВМ') ON CONFLICT DO NOTHING;                 INSERT INTO sc_department (id, title) VALUES(5, 'другая') ON CONFLICT DO NOTHING;            SELECT id FROM sc_rasp18_days WHERE semcode = 242500 AND day = '2024-09-02' AND weekday = 1 AND week = 1 ;
INSERT INTO sc_rasp18_days (semcode, day, weekday, week)                 VALUES (242500, '2024-09-02', 1, 1)                  ON CONFLICT DO NOTHING RETURNING id;            SELECT id FROM sc_rasp18_days WHERE semcode = 242500 AND day = '2024-09-03' AND weekday = 2 AND week = 1 ;
INSERT INTO sc_rasp18_days (semcode, day, weekday, week)                 VALUES (242500, '2024-09-03', 2, 1)                  ON CONFLICT DO NOTHING RETURNING id;            SELECT id FROM sc_rasp18_days WHERE semcode = 242500 AND day = '2024-09-04' AND weekday = 3 AND week = 1 ;
INSERT INTO sc_rasp18_days (semcode, day, weekday, week)                 VALUES (242500, '2024-09-04', 3, 1)                  ON CONFLICT DO NOTHING RETURNING id;            SELECT id FROM sc_rasp18_days WHERE semcode = 242500 AND day = '2024-09-05' AND weekday = 4 AND week = 1 ;
INSERT INTO sc_rasp18_days (semcode, day, weekday, week)                 VALUES (242500, '2024-09-05', 4, 1)                  ON CONFLICT DO NOTHING RETURNING id;            SELECT id FROM sc_rasp18_days WHERE semcode = 242500 AND day = '2024-09-06' AND weekday = 5 AND week = 1 ;
INSERT INTO sc_rasp18_days (semcode, day, weekday, week)                 VALUES (242500, '2024-09-06', 5, 1)                  ON CONFLICT DO NOTHING RETURNING id;            SELECT id FROM sc_rasp18_days WHERE semcode = 242500 AND day = '2024-09-07' AND weekday = 6 AND week = 1 ;
INSERT INTO sc_rasp18_days (semcode, day, weekday, week)                 VALUES (242500, '2024-09-07', 6, 1)                  ON CONFLICT DO NOTHING RETURNING id;            SELECT id FROM sc_rasp18_days WHERE semcode = 242500 AND day = '2024-09-08' AND weekday = 0 AND week = 1 ;
INSERT INTO sc_rasp18_days (semcode, day, weekday, week)                 VALUES (242500, '2024-09-08', 0, 1)                  ON CONFLICT DO NOTHING RETURNING id;            SELECT id FROM sc_rasp18_days WHERE semcode = 242500 AND day = '2024-09-09' AND weekday = 1 AND week = 2 ;
INSERT INTO sc_rasp18_days (semcode, day, weekday, week)                 VALUES (242500, '2024-09-09', 1, 2)                  ON CONFLICT DO NOTHING RETURNING id;            SELECT id FROM sc_rasp18_days WHERE semcode = 242500 AND day = '2024-09-10' AND weekday = 2 AND week = 2 ;
INSERT INTO sc_rasp18_days (semcode, day, weekday, week)                 VALUES (242500, '2024-09-10', 2, 2)                  ON CONFLICT DO NOTHING RETURNING id;            SELECT id FROM sc_rasp18_days WHERE semcode = 242500 AND day = '2024-09-11' AND weekday = 3 AND week = 2 ;
INSERT INTO sc_rasp18_days (semcode, day, weekday, week)                 VALUES (242500, '2024-09-11', 3, 2)                  ON CONFLICT DO NOTHING RETURNING id;            SELECT id FROM sc_rasp18_days WHERE semcode = 242500 AND day = '2024-09-12' AND weekday = 4 AND week = 2 ;
INSERT INTO sc_rasp18_days (semcode, day, weekday, week)                 VALUES (242500, '2024-09-12', 4, 2)                  ON CONFLICT DO NOTHING RETURNING id;            SELECT id FROM sc_rasp18_days WHERE semcode = 242500 AND day = '2024-09-13' AND weekday = 5 AND week = 2 ;
INSERT INTO sc_rasp18_days (semcode, day, weekday, week)                 VALUES (242500, '2024-09-13', 5, 2)                  ON CONFLICT DO NOTHING RETURNING id;            SELECT id FROM sc_rasp18_days WHERE semcode = 242500 AND day = '2024-09-14' AND weekday = 6 AND week = 2 ;
INSERT INTO sc_rasp18_days (semcode, day, weekday, week)                 VALUES (242500, '2024-09-14', 6, 2)                  ON CONFLICT DO NOTHING RETURNING id;            SELECT id FROM sc_rasp18_days WHERE semcode = 242500 AND day = '2024-09-15' AND weekday = 0 AND week = 2 ;
INSERT INTO sc_rasp18_days (semcode, day, weekday, week)                 VALUES (242500, '2024-09-15', 0, 2)                  ON CONFLICT DO NOTHING RETURNING id;            SELECT id FROM sc_rasp18_days WHERE semcode = 242500 AND day = '2024-09-16' AND weekday = 1 AND week = 3 ;
INSERT INTO sc_rasp18_days (semcode, day, weekday, week)                 VALUES (242500, '2024-09-16', 1, 3)                  ON CONFLICT DO NOTHING RETURNING id;            SELECT id FROM sc_rasp18_days WHERE semcode = 242500 AND day = '2024-09-17' AND weekday = 2 AND week = 3 ;
INSERT INTO sc_rasp18_days (semcode, day, weekday, week)                 VALUES (242500, '2024-09-17', 2, 3)                  ON CONFLICT DO NOTHING RETURNING id;            SELECT id FROM sc_rasp18_days WHERE semcode = 242500 AND day = '2024-09-18' AND weekday = 3 AND week = 3 ;
INSERT INTO sc_rasp18_days (semcode, day, weekday, week)                 VALUES (242500, '2024-09-18', 3, 3)                  ON CONFLICT DO NOTHING RETURNING id;            SELECT id FROM sc_rasp18_days WHERE semcode = 242500 AND day = '2024-09-19' AND weekday = 4 AND week = 3 ;
INSERT INTO sc_rasp18_days (semcode, day, weekday, week)                 VALUES (242500, '2024-09-19', 4, 3)                  ON CONFLICT DO NOTHING RETURNING id;            SELECT id FROM sc_rasp18_days WHERE semcode = 242500 AND day = '2024-09-20' AND weekday = 5 AND week = 3 ;
INSERT INTO sc_rasp18_days (semcode, day, weekday, week)                 VALUES (242500, '2024-09-20', 5, 3)                  ON CONFLICT DO NOTHING RETURNING id;            SELECT id FROM sc_rasp18_days WHERE semcode = 242500 AND day = '2024-09-21' AND weekday = 6 AND week = 3 ;
INSERT INTO sc_rasp18_days (semcode, day, weekday, week)                 VALUES (242500, '2024-09-21', 6, 3)                  ON CONFLICT DO NOTHING RETURNING id;            SELECT id FROM sc_rasp18_days WHERE semcode = 242500 AND day = '2024-09-22' AND weekday = 0 AND week = 3 ;
INSERT INTO sc_rasp18_days (semcode, day, weekday, week)                 VALUES (242500, '2024-09-22', 0, 3)                  ON CONFLICT DO NOTHING RETURNING id;            SELECT id FROM sc_rasp18_days WHERE semcode = 242500 AND day = '2024-09-23' AND weekday = 1 AND week = 4 ;
INSERT INTO sc_rasp18_days (semcode, day, weekday, week)                 VALUES (242500, '2024-09-23', 1, 4)                  ON CONFLICT DO NOTHING RETURNING id;            SELECT id FROM sc_rasp18_days WHERE semcode = 242500 AND day = '2024-09-24' AND weekday = 2 AND week = 4 ;
INSERT INTO sc_rasp18_days (semcode, day, weekday, week)                 VALUES (242500, '2024-09-24', 2, 4)                  ON CONFLICT DO NOTHING RETURNING id;            SELECT id FROM sc_rasp18_days WHERE semcode = 242500 AND day = '2024-09-25' AND weekday = 3 AND week = 4 ;
INSERT INTO sc_rasp18_days (semcode, day, weekday, week)                 VALUES (242500, '2024-09-25', 3, 4)                  ON CONFLICT DO NOTHING RETURNING id;            SELECT id FROM sc_rasp18_days WHERE semcode = 242500 AND day = '2024-09-26' AND weekday = 4 AND week = 4 ;
INSERT INTO sc_rasp18_days (semcode, day, weekday, week)                 VALUES (242500, '2024-09-26', 4, 4)                  ON CONFLICT DO NOTHING RETURNING id;            SELECT id FROM sc_rasp18_days WHERE semcode = 242500 AND day = '2024-09-27' AND weekday = 5 AND week = 4 ;
INSERT INTO sc_rasp18_days (semcode, day, weekday, week)                 VALUES (242500, '2024-09-27', 5, 4)                  ON CONFLICT DO NOTHING RETURNING id;            SELECT id FROM sc_rasp18_days WHERE semcode = 242500 AND day = '2024-09-28' AND weekday = 6 AND week = 4 ;
INSERT INTO sc_rasp18_days (semcode, day, weekday, week)                 VALUES (242500, '2024-09-28', 6, 4)                  ON CONFLICT DO NOTHING RETURNING id;            SELECT id FROM sc_rasp18_days WHERE semcode = 242500 AND day = '2024-09-29' AND weekday = 0 AND week = 4 ;
INSERT INTO sc_rasp18_days (semcode, day, weekday, week)                 VALUES (242500, '2024-09-29', 0, 4)                  ON CONFLICT DO NOTHING RETURNING id;            SELECT id FROM sc_rasp18_days WHERE semcode = 242500 AND day = '2024-09-30' AND weekday = 1 AND week = 5 ;
INSERT INTO sc_rasp18_days (semcode, day, weekday, week)                 VALUES (242500, '2024-09-30', 1, 5)                  ON CONFLICT DO NOTHING RETURNING id;            SELECT id FROM sc_rasp18_days WHERE semcode = 242500 AND day = '2024-10-01' AND weekday = 2 AND week = 5 ;
INSERT INTO sc_rasp18_days (semcode, day, weekday, week)                 VALUES (242500, '2024-10-01', 2, 5)                  ON CONFLICT DO NOTHING RETURNING id;            SELECT id FROM sc_rasp18_days WHERE semcode = 242500 AND day = '2024-10-02' AND weekday = 3 AND week = 5 ;
INSERT INTO sc_rasp18_days (semcode, day, weekday, week)                 VALUES (242500, '2024-10-02', 3, 5)                  ON CONFLICT DO NOTHING RETURNING id;            SELECT id FROM sc_rasp18_days WHERE semcode = 242500 AND day = '2024-10-03' AND weekday = 4 AND week = 5 ;
INSERT INTO sc_rasp18_days (semcode, day, weekday, week)                 VALUES (242500, '2024-10-03', 4, 5)                  ON CONFLICT DO NOTHING RETURNING id;            SELECT id FROM sc_rasp18_days WHERE semcode = 242500 AND day = '2024-10-04' AND weekday = 5 AND week = 5 ;
INSERT INTO sc_rasp18_days (semcode, day, weekday, week)                 VALUES (242500, '2024-10-04', 5, 5)                  ON CONFLICT DO NOTHING RETURNING id;            SELECT id FROM sc_rasp18_days WHERE semcode = 242500 AND day = '2024-10-05' AND weekday = 6 AND week = 5 ;
INSERT INTO sc_rasp18_days (semcode, day, weekday, week)                 VALUES (242500, '2024-10-05', 6, 5)                  ON CONFLICT DO NOTHING RETURNING id;            SELECT id FROM sc_rasp18_days WHERE semcode = 242500 AND day = '2024-10-06' AND weekday = 0 AND week = 5 ;
INSERT INTO sc_rasp18_days (semcode, day, weekday, week)                 VALUES (242500, '2024-10-06', 0, 5)                  ON CONFLICT DO NOTHING RETURNING id;            SELECT id FROM sc_rasp18_days WHERE semcode = 242500 AND day = '2024-10-07' AND weekday = 1 AND week = 6 ;
INSERT INTO sc_rasp18_days (semcode, day, weekday, week)                 VALUES (242500, '2024-10-07', 1, 6)                  ON CONFLICT DO NOTHING RETURNING id;            SELECT id FROM sc_rasp18_days WHERE semcode = 242500 AND day = '2024-10-08' AND weekday = 2 AND week = 6 ;
INSERT INTO sc_rasp18_days (semcode, day, weekday, week)                 VALUES (242500, '2024-10-08', 2, 6)                  ON CONFLICT DO NOTHING RETURNING id;            SELECT id FROM sc_rasp18_days WHERE semcode = 242500 AND day = '2024-10-09' AND weekday = 3 AND week = 6 ;
INSERT INTO sc_rasp18_days (semcode, day, weekday, week)                 VALUES (242500, '2024-10-09', 3, 6)                  ON CONFLICT DO NOTHING RETURNING id;            SELECT id FROM sc_rasp18_days WHERE semcode = 242500 AND day = '2024-10-10' AND weekday = 4 AND week = 6 ;
INSERT INTO sc_rasp18_days (semcode, day, weekday, week)                 VALUES (242500, '2024-10-10', 4, 6)                  ON CONFLICT DO NOTHING RETURNING id;            SELECT id FROM sc_rasp18_days WHERE semcode = 242500 AND day = '2024-10-11' AND weekday = 5 AND week = 6 ;
INSERT INTO sc_rasp18_days (semcode, day, weekday, week)                 VALUES (242500, '2024-10-11', 5, 6)                  ON CONFLICT DO NOTHING RETURNING id;            SELECT id FROM sc_rasp18_days WHERE semcode = 242500 AND day = '2024-10-12' AND weekday = 6 AND week = 6 ;
INSERT INTO sc_rasp18_days (semcode, day, weekday, week)                 VALUES (242500, '2024-10-12', 6, 6)                  ON CONFLICT DO NOTHING RETURNING id;            SELECT id FROM sc_rasp18_days WHERE semcode = 242500 AND day = '2024-10-13' AND weekday = 0 AND week = 6 ;
INSERT INTO sc_rasp18_days (semcode, day, weekday, week)                 VALUES (242500, '2024-10-13', 0, 6)                  ON CONFLICT DO NOTHING RETURNING id;            SELECT id FROM sc_rasp18_days WHERE semcode = 242500 AND day = '2024-10-14' AND weekday = 1 AND week = 7 ;
INSERT INTO sc_rasp18_days (semcode, day, weekday, week)                 VALUES (242500, '2024-10-14', 1, 7)                  ON CONFLICT DO NOTHING RETURNING id;            SELECT id FROM sc_rasp18_days WHERE semcode = 242500 AND day = '2024-10-15' AND weekday = 2 AND week = 7 ;
INSERT INTO sc_rasp18_days (semcode, day, weekday, week)                 VALUES (242500, '2024-10-15', 2, 7)                  ON CONFLICT DO NOTHING RETURNING id;            SELECT id FROM sc_rasp18_days WHERE semcode = 242500 AND day = '2024-10-16' AND weekday = 3 AND week = 7 ;
INSERT INTO sc_rasp18_days (semcode, day, weekday, week)                 VALUES (242500, '2024-10-16', 3, 7)                  ON CONFLICT DO NOTHING RETURNING id;            SELECT id FROM sc_rasp18_days WHERE semcode = 242500 AND day = '2024-10-17' AND weekday = 4 AND week = 7 ;
INSERT INTO sc_rasp18_days (semcode, day, weekday, week)                 VALUES (242500, '2024-10-17', 4, 7)                  ON CONFLICT DO NOTHING RETURNING id;            SELECT id FROM sc_rasp18_days WHERE semcode = 242500 AND day = '2024-10-18' AND weekday = 5 AND week = 7 ;
INSERT INTO sc_rasp18_days (semcode, day, weekday, week)                 VALUES (242500, '2024-10-18', 5, 7)                  ON CONFLICT DO NOTHING RETURNING id;            SELECT id FROM sc_rasp18_days WHERE semcode = 242500 AND day = '2024-10-19' AND weekday = 6 AND week = 7 ;
INSERT INTO sc_rasp18_days (semcode, day, weekday, week)                 VALUES (242500, '2024-10-19', 6, 7)                  ON CONFLICT DO NOTHING RETURNING id;            SELECT id FROM sc_rasp18_days WHERE semcode = 242500 AND day = '2024-10-20' AND weekday = 0 AND week = 7 ;
INSERT INTO sc_rasp18_days (semcode, day, weekday, week)                 VALUES (242500, '2024-10-20', 0, 7)                  ON CONFLICT DO NOTHING RETURNING id;            SELECT id FROM sc_rasp18_days WHERE semcode = 242500 AND day = '2024-10-21' AND weekday = 1 AND week = 8 ;
INSERT INTO sc_rasp18_days (semcode, day, weekday, week)                 VALUES (242500, '2024-10-21', 1, 8)                  ON CONFLICT DO NOTHING RETURNING id;            SELECT id FROM sc_rasp18_days WHERE semcode = 242500 AND day = '2024-10-22' AND weekday = 2 AND week = 8 ;
INSERT INTO sc_rasp18_days (semcode, day, weekday, week)                 VALUES (242500, '2024-10-22', 2, 8)                  ON CONFLICT DO NOTHING RETURNING id;            SELECT id FROM sc_rasp18_days WHERE semcode = 242500 AND day = '2024-10-23' AND weekday = 3 AND week = 8 ;
INSERT INTO sc_rasp18_days (semcode, day, weekday, week)                 VALUES (242500, '2024-10-23', 3, 8)                  ON CONFLICT DO NOTHING RETURNING id;            SELECT id FROM sc_rasp18_days WHERE semcode = 242500 AND day = '2024-10-24' AND weekday = 4 AND week = 8 ;
INSERT INTO sc_rasp18_days (semcode, day, weekday, week)                 VALUES (242500, '2024-10-24', 4, 8)                  ON CONFLICT DO NOTHING RETURNING id;            SELECT id FROM sc_rasp18_days WHERE semcode = 242500 AND day = '2024-10-25' AND weekday = 5 AND week = 8 ;
INSERT INTO sc_rasp18_days (semcode, day, weekday, week)                 VALUES (242500, '2024-10-25', 5, 8)                  ON CONFLICT DO NOTHING RETURNING id;            SELECT id FROM sc_rasp18_days WHERE semcode = 242500 AND day = '2024-10-26' AND weekday = 6 AND week = 8 ;
INSERT INTO sc_rasp18_days (semcode, day, weekday, week)                 VALUES (242500, '2024-10-26', 6, 8)                  ON CONFLICT DO NOTHING RETURNING id;            SELECT id FROM sc_rasp18_days WHERE semcode = 242500 AND day = '2024-10-27' AND weekday = 0 AND week = 8 ;
INSERT INTO sc_rasp18_days (semcode, day, weekday, week)                 VALUES (242500, '2024-10-27', 0, 8)                  ON CONFLICT DO NOTHING RETURNING id;            SELECT id FROM sc_rasp18_days WHERE semcode = 242500 AND day = '2024-10-28' AND weekday = 1 AND week = 9 ;
INSERT INTO sc_rasp18_days (semcode, day, weekday, week)                 VALUES (242500, '2024-10-28', 1, 9)                  ON CONFLICT DO NOTHING RETURNING id;            SELECT id FROM sc_rasp18_days WHERE semcode = 242500 AND day = '2024-10-29' AND weekday = 2 AND week = 9 ;
INSERT INTO sc_rasp18_days (semcode, day, weekday, week)                 VALUES (242500, '2024-10-29', 2, 9)                  ON CONFLICT DO NOTHING RETURNING id;            SELECT id FROM sc_rasp18_days WHERE semcode = 242500 AND day = '2024-10-30' AND weekday = 3 AND week = 9 ;
INSERT INTO sc_rasp18_days (semcode, day, weekday, week)                 VALUES (242500, '2024-10-30', 3, 9)                  ON CONFLICT DO NOTHING RETURNING id;            SELECT id FROM sc_rasp18_days WHERE semcode = 242500 AND day = '2024-10-31' AND weekday = 4 AND week = 9 ;
INSERT INTO sc_rasp18_days (semcode, day, weekday, week)                 VALUES (242500, '2024-10-31', 4, 9)                  ON CONFLICT DO NOTHING RETURNING id;            SELECT id FROM sc_rasp18_days WHERE semcode = 242500 AND day = '2024-11-01' AND weekday = 5 AND week = 9 ;
INSERT INTO sc_rasp18_days (semcode, day, weekday, week)                 VALUES (242500, '2024-11-01', 5, 9)                  ON CONFLICT DO NOTHING RETURNING id;            SELECT id FROM sc_rasp18_days WHERE semcode = 242500 AND day = '2024-11-02' AND weekday = 6 AND week = 9 ;
INSERT INTO sc_rasp18_days (semcode, day, weekday, week)                 VALUES (242500, '2024-11-02', 6, 9)                  ON CONFLICT DO NOTHING RETURNING id;            SELECT id FROM sc_rasp18_days WHERE semcode = 242500 AND day = '2024-11-03' AND weekday = 0 AND week = 9 ;
INSERT INTO sc_rasp18_days (semcode, day, weekday, week)                 VALUES (242500, '2024-11-03', 0, 9)                  ON CONFLICT DO NOTHING RETURNING id;            SELECT id FROM sc_rasp18_days WHERE semcode = 242500 AND day = '2024-11-04' AND weekday = 1 AND week = 10 ;
INSERT INTO sc_rasp18_days (semcode, day, weekday, week)                 VALUES (242500, '2024-11-04', 1, 10)                  ON CONFLICT DO NOTHING RETURNING id;            SELECT id FROM sc_rasp18_days WHERE semcode = 242500 AND day = '2024-11-05' AND weekday = 2 AND week = 10 ;
INSERT INTO sc_rasp18_days (semcode, day, weekday, week)                 VALUES (242500, '2024-11-05', 2, 10)                  ON CONFLICT DO NOTHING RETURNING id;            SELECT id FROM sc_rasp18_days WHERE semcode = 242500 AND day = '2024-11-06' AND weekday = 3 AND week = 10 ;
INSERT INTO sc_rasp18_days (semcode, day, weekday, week)                 VALUES (242500, '2024-11-06', 3, 10)                  ON CONFLICT DO NOTHING RETURNING id;            SELECT id FROM sc_rasp18_days WHERE semcode = 242500 AND day = '2024-11-07' AND weekday = 4 AND week = 10 ;
INSERT INTO sc_rasp18_days (semcode, day, weekday, week)                 VALUES (242500, '2024-11-07', 4, 10)                  ON CONFLICT DO NOTHING RETURNING id;            SELECT id FROM sc_rasp18_days WHERE semcode = 242500 AND day = '2024-11-08' AND weekday = 5 AND week = 10 ;
INSERT INTO sc_rasp18_days (semcode, day, weekday, week)                 VALUES (242500, '2024-11-08', 5, 10)                  ON CONFLICT DO NOTHING RETURNING id;            SELECT id FROM sc_rasp18_days WHERE semcode = 242500 AND day = '2024-11-09' AND weekday = 6 AND week = 10 ;
INSERT INTO sc_rasp18_days (semcode, day, weekday, week)                 VALUES (242500, '2024-11-09', 6, 10)                  ON CONFLICT DO NOTHING RETURNING id;            SELECT id FROM sc_rasp18_days WHERE semcode = 242500 AND day = '2024-11-10' AND weekday = 0 AND week = 10 ;
INSERT INTO sc_rasp18_days (semcode, day, weekday, week)                 VALUES (242500, '2024-11-10', 0, 10)                  ON CONFLICT DO NOTHING RETURNING id;            SELECT id FROM sc_rasp18_days WHERE semcode = 242500 AND day = '2024-11-11' AND weekday = 1 AND week = 11 ;
INSERT INTO sc_rasp18_days (semcode, day, weekday, week)                 VALUES (242500, '2024-11-11', 1, 11)                  ON CONFLICT DO NOTHING RETURNING id;            SELECT id FROM sc_rasp18_days WHERE semcode = 242500 AND day = '2024-11-12' AND weekday = 2 AND week = 11 ;
INSERT INTO sc_rasp18_days (semcode, day, weekday, week)                 VALUES (242500, '2024-11-12', 2, 11)                  ON CONFLICT DO NOTHING RETURNING id;            SELECT id FROM sc_rasp18_days WHERE semcode = 242500 AND day = '2024-11-13' AND weekday = 3 AND week = 11 ;
INSERT INTO sc_rasp18_days (semcode, day, weekday, week)                 VALUES (242500, '2024-11-13', 3, 11)                  ON CONFLICT DO NOTHING RETURNING id;            SELECT id FROM sc_rasp18_days WHERE semcode = 242500 AND day = '2024-11-14' AND weekday = 4 AND week = 11 ;
INSERT INTO sc_rasp18_days (semcode, day, weekday, week)                 VALUES (242500, '2024-11-14', 4, 11)                  ON CONFLICT DO NOTHING RETURNING id;            SELECT id FROM sc_rasp18_days WHERE semcode = 242500 AND day = '2024-11-15' AND weekday = 5 AND week = 11 ;
INSERT INTO sc_rasp18_days (semcode, day, weekday, week)                 VALUES (242500, '2024-11-15', 5, 11)                  ON CONFLICT DO NOTHING RETURNING id;            SELECT id FROM sc_rasp18_days WHERE semcode = 242500 AND day = '2024-11-16' AND weekday = 6 AND week = 11 ;
INSERT INTO sc_rasp18_days (semcode, day, weekday, week)                 VALUES (242500, '2024-11-16', 6, 11)                  ON CONFLICT DO NOTHING RETURNING id;            SELECT id FROM sc_rasp18_days WHERE semcode = 242500 AND day = '2024-11-17' AND weekday = 0 AND week = 11 ;
INSERT INTO sc_rasp18_days (semcode, day, weekday, week)                 VALUES (242500, '2024-11-17', 0, 11)                  ON CONFLICT DO NOTHING RETURNING id;            SELECT id FROM sc_rasp18_days WHERE semcode = 242500 AND day = '2024-11-18' AND weekday = 1 AND week = 12 ;
INSERT INTO sc_rasp18_days (semcode, day, weekday, week)                 VALUES (242500, '2024-11-18', 1, 12)                  ON CONFLICT DO NOTHING RETURNING id;            SELECT id FROM sc_rasp18_days WHERE semcode = 242500 AND day = '2024-11-19' AND weekday = 2 AND week = 12 ;
INSERT INTO sc_rasp18_days (semcode, day, weekday, week)                 VALUES (242500, '2024-11-19', 2, 12)                  ON CONFLICT DO NOTHING RETURNING id;            SELECT id FROM sc_rasp18_days WHERE semcode = 242500 AND day = '2024-11-20' AND weekday = 3 AND week = 12 ;
INSERT INTO sc_rasp18_days (semcode, day, weekday, week)                 VALUES (242500, '2024-11-20', 3, 12)                  ON CONFLICT DO NOTHING RETURNING id;            SELECT id FROM sc_rasp18_days WHERE semcode = 242500 AND day = '2024-11-21' AND weekday = 4 AND week = 12 ;
INSERT INTO sc_rasp18_days (semcode, day, weekday, week)                 VALUES (242500, '2024-11-21', 4, 12)                  ON CONFLICT DO NOTHING RETURNING id;            SELECT id FROM sc_rasp18_days WHERE semcode = 242500 AND day = '2024-11-22' AND weekday = 5 AND week = 12 ;
INSERT INTO sc_rasp18_days (semcode, day, weekday, week)                 VALUES (242500, '2024-11-22', 5, 12)                  ON CONFLICT DO NOTHING RETURNING id;            SELECT id FROM sc_rasp18_days WHERE semcode = 242500 AND day = '2024-11-23' AND weekday = 6 AND week = 12 ;
INSERT INTO sc_rasp18_days (semcode, day, weekday, week)                 VALUES (242500, '2024-11-23', 6, 12)                  ON CONFLICT DO NOTHING RETURNING id;            SELECT id FROM sc_rasp18_days WHERE semcode = 242500 AND day = '2024-11-24' AND weekday = 0 AND week = 12 ;
INSERT INTO sc_rasp18_days (semcode, day, weekday, week)                 VALUES (242500, '2024-11-24', 0, 12)                  ON CONFLICT DO NOTHING RETURNING id;            SELECT id FROM sc_rasp18_days WHERE semcode = 242500 AND day = '2024-11-25' AND weekday = 1 AND week = 13 ;
INSERT INTO sc_rasp18_days (semcode, day, weekday, week)                 VALUES (242500, '2024-11-25', 1, 13)                  ON CONFLICT DO NOTHING RETURNING id;            SELECT id FROM sc_rasp18_days WHERE semcode = 242500 AND day = '2024-11-26' AND weekday = 2 AND week = 13 ;
INSERT INTO sc_rasp18_days (semcode, day, weekday, week)                 VALUES (242500, '2024-11-26', 2, 13)                  ON CONFLICT DO NOTHING RETURNING id;            SELECT id FROM sc_rasp18_days WHERE semcode = 242500 AND day = '2024-11-27' AND weekday = 3 AND week = 13 ;
INSERT INTO sc_rasp18_days (semcode, day, weekday, week)                 VALUES (242500, '2024-11-27', 3, 13)                  ON CONFLICT DO NOTHING RETURNING id;            SELECT id FROM sc_rasp18_days WHERE semcode = 242500 AND day = '2024-11-28' AND weekday = 4 AND week = 13 ;
INSERT INTO sc_rasp18_days (semcode, day, weekday, week)                 VALUES (242500, '2024-11-28', 4, 13)                  ON CONFLICT DO NOTHING RETURNING id;            SELECT id FROM sc_rasp18_days WHERE semcode = 242500 AND day = '2024-11-29' AND weekday = 5 AND week = 13 ;
INSERT INTO sc_rasp18_days (semcode, day, weekday, week)                 VALUES (242500, '2024-11-29', 5, 13)                  ON CONFLICT DO NOTHING RETURNING id;            SELECT id FROM sc_rasp18_days WHERE semcode = 242500 AND day = '2024-11-30' AND weekday = 6 AND week = 13 ;
INSERT INTO sc_rasp18_days (semcode, day, weekday, week)                 VALUES (242500, '2024-11-30', 6, 13)                  ON CONFLICT DO NOTHING RETURNING id;            SELECT id FROM sc_rasp18_days WHERE semcode = 242500 AND day = '2024-12-01' AND weekday = 0 AND week = 13 ;
INSERT INTO sc_rasp18_days (semcode, day, weekday, week)                 VALUES (242500, '2024-12-01', 0, 13)                  ON CONFLICT DO NOTHING RETURNING id;            SELECT id FROM sc_rasp18_days WHERE semcode = 242500 AND day = '2024-12-02' AND weekday = 1 AND week = 14 ;
INSERT INTO sc_rasp18_days (semcode, day, weekday, week)                 VALUES (242500, '2024-12-02', 1, 14)                  ON CONFLICT DO NOTHING RETURNING id;            SELECT id FROM sc_rasp18_days WHERE semcode = 242500 AND day = '2024-12-03' AND weekday = 2 AND week = 14 ;
INSERT INTO sc_rasp18_days (semcode, day, weekday, week)                 VALUES (242500, '2024-12-03', 2, 14)                  ON CONFLICT DO NOTHING RETURNING id;            SELECT id FROM sc_rasp18_days WHERE semcode = 242500 AND day = '2024-12-04' AND weekday = 3 AND week = 14 ;
INSERT INTO sc_rasp18_days (semcode, day, weekday, week)                 VALUES (242500, '2024-12-04', 3, 14)                  ON CONFLICT DO NOTHING RETURNING id;            SELECT id FROM sc_rasp18_days WHERE semcode = 242500 AND day = '2024-12-05' AND weekday = 4 AND week = 14 ;
INSERT INTO sc_rasp18_days (semcode, day, weekday, week)                 VALUES (242500, '2024-12-05', 4, 14)                  ON CONFLICT DO NOTHING RETURNING id;            SELECT id FROM sc_rasp18_days WHERE semcode = 242500 AND day = '2024-12-06' AND weekday = 5 AND week = 14 ;
INSERT INTO sc_rasp18_days (semcode, day, weekday, week)                 VALUES (242500, '2024-12-06', 5, 14)                  ON CONFLICT DO NOTHING RETURNING id;            SELECT id FROM sc_rasp18_days WHERE semcode = 242500 AND day = '2024-12-07' AND weekday = 6 AND week = 14 ;
INSERT INTO sc_rasp18_days (semcode, day, weekday, week)                 VALUES (242500, '2024-12-07', 6, 14)                  ON CONFLICT DO NOTHING RETURNING id;            SELECT id FROM sc_rasp18_days WHERE semcode = 242500 AND day = '2024-12-08' AND weekday = 0 AND week = 14 ;
INSERT INTO sc_rasp18_days (semcode, day, weekday, week)                 VALUES (242500, '2024-12-08', 0, 14)                  ON CONFLICT DO NOTHING RETURNING id;            SELECT id FROM sc_rasp18_days WHERE semcode = 242500 AND day = '2024-12-09' AND weekday = 1 AND week = 15 ;
INSERT INTO sc_rasp18_days (semcode, day, weekday, week)                 VALUES (242500, '2024-12-09', 1, 15)                  ON CONFLICT DO NOTHING RETURNING id;            SELECT id FROM sc_rasp18_days WHERE semcode = 242500 AND day = '2024-12-10' AND weekday = 2 AND week = 15 ;
INSERT INTO sc_rasp18_days (semcode, day, weekday, week)                 VALUES (242500, '2024-12-10', 2, 15)                  ON CONFLICT DO NOTHING RETURNING id;            SELECT id FROM sc_rasp18_days WHERE semcode = 242500 AND day = '2024-12-11' AND weekday = 3 AND week = 15 ;
INSERT INTO sc_rasp18_days (semcode, day, weekday, week)                 VALUES (242500, '2024-12-11', 3, 15)                  ON CONFLICT DO NOTHING RETURNING id;            SELECT id FROM sc_rasp18_days WHERE semcode = 242500 AND day = '2024-12-12' AND weekday = 4 AND week = 15 ;
INSERT INTO sc_rasp18_days (semcode, day, weekday, week)                 VALUES (242500, '2024-12-12', 4, 15)                  ON CONFLICT DO NOTHING RETURNING id;            SELECT id FROM sc_rasp18_days WHERE semcode = 242500 AND day = '2024-12-13' AND weekday = 5 AND week = 15 ;
INSERT INTO sc_rasp18_days (semcode, day, weekday, week)                 VALUES (242500, '2024-12-13', 5, 15)                  ON CONFLICT DO NOTHING RETURNING id;            SELECT id FROM sc_rasp18_days WHERE semcode = 242500 AND day = '2024-12-14' AND weekday = 6 AND week = 15 ;
INSERT INTO sc_rasp18_days (semcode, day, weekday, week)                 VALUES (242500, '2024-12-14', 6, 15)                  ON CONFLICT DO NOTHING RETURNING id;            SELECT id FROM sc_rasp18_days WHERE semcode = 242500 AND day = '2024-12-15' AND weekday = 0 AND week = 15 ;
INSERT INTO sc_rasp18_days (semcode, day, weekday, week)                 VALUES (242500, '2024-12-15', 0, 15)                  ON CONFLICT DO NOTHING RETURNING id;            SELECT id FROM sc_rasp18_days WHERE semcode = 242500 AND day = '2024-12-16' AND weekday = 1 AND week = 16 ;
INSERT INTO sc_rasp18_days (semcode, day, weekday, week)                 VALUES (242500, '2024-12-16', 1, 16)                  ON CONFLICT DO NOTHING RETURNING id;            SELECT id FROM sc_rasp18_days WHERE semcode = 242500 AND day = '2024-12-17' AND weekday = 2 AND week = 16 ;
INSERT INTO sc_rasp18_days (semcode, day, weekday, week)                 VALUES (242500, '2024-12-17', 2, 16)                  ON CONFLICT DO NOTHING RETURNING id;            SELECT id FROM sc_rasp18_days WHERE semcode = 242500 AND day = '2024-12-18' AND weekday = 3 AND week = 16 ;
INSERT INTO sc_rasp18_days (semcode, day, weekday, week)                 VALUES (242500, '2024-12-18', 3, 16)                  ON CONFLICT DO NOTHING RETURNING id;            SELECT id FROM sc_rasp18_days WHERE semcode = 242500 AND day = '2024-12-19' AND weekday = 4 AND week = 16 ;
INSERT INTO sc_rasp18_days (semcode, day, weekday, week)                 VALUES (242500, '2024-12-19', 4, 16)                  ON CONFLICT DO NOTHING RETURNING id;            SELECT id FROM sc_rasp18_days WHERE semcode = 242500 AND day = '2024-12-20' AND weekday = 5 AND week = 16 ;
INSERT INTO sc_rasp18_days (semcode, day, weekday, week)                 VALUES (242500, '2024-12-20', 5, 16)                  ON CONFLICT DO NOTHING RETURNING id;            SELECT id FROM sc_rasp18_days WHERE semcode = 242500 AND day = '2024-12-21' AND weekday = 6 AND week = 16 ;
INSERT INTO sc_rasp18_days (semcode, day, weekday, week)                 VALUES (242500, '2024-12-21', 6, 16)                  ON CONFLICT DO NOTHING RETURNING id;            SELECT id FROM sc_rasp18_days WHERE semcode = 242500 AND day = '2024-12-22' AND weekday = 0 AND week = 16 ;
INSERT INTO sc_rasp18_days (semcode, day, weekday, week)                 VALUES (242500, '2024-12-22', 0, 16)                  ON CONFLICT DO NOTHING RETURNING id;            SELECT id FROM sc_rasp18_days WHERE semcode = 242500 AND day = '2024-12-23' AND weekday = 1 AND week = 17 ;
INSERT INTO sc_rasp18_days (semcode, day, weekday, week)                 VALUES (242500, '2024-12-23', 1, 17)                  ON CONFLICT DO NOTHING RETURNING id;            SELECT id FROM sc_rasp18_days WHERE semcode = 242500 AND day = '2024-12-24' AND weekday = 2 AND week = 17 ;
INSERT INTO sc_rasp18_days (semcode, day, weekday, week)                 VALUES (242500, '2024-12-24', 2, 17)                  ON CONFLICT DO NOTHING RETURNING id;            SELECT id FROM sc_rasp18_days WHERE semcode = 242500 AND day = '2024-12-25' AND weekday = 3 AND week = 17 ;
INSERT INTO sc_rasp18_days (semcode, day, weekday, week)                 VALUES (242500, '2024-12-25', 3, 17)                  ON CONFLICT DO NOTHING RETURNING id;            SELECT id FROM sc_rasp18_days WHERE semcode = 242500 AND day = '2024-12-26' AND weekday = 4 AND week = 17 ;
INSERT INTO sc_rasp18_days (semcode, day, weekday, week)                 VALUES (242500, '2024-12-26', 4, 17)                  ON CONFLICT DO NOTHING RETURNING id;            SELECT id FROM sc_rasp18_days WHERE semcode = 242500 AND day = '2024-12-27' AND weekday = 5 AND week = 17 ;
INSERT INTO sc_rasp18_days (semcode, day, weekday, week)                 VALUES (242500, '2024-12-27', 5, 17)                  ON CONFLICT DO NOTHING RETURNING id;            SELECT id FROM sc_rasp18_days WHERE semcode = 242500 AND day = '2024-12-28' AND weekday = 6 AND week = 17 ;
INSERT INTO sc_rasp18_days (semcode, day, weekday, week)                 VALUES (242500, '2024-12-28', 6, 17)                  ON CONFLICT DO NOTHING RETURNING id;            SELECT id FROM sc_rasp18_days WHERE semcode = 242500 AND day = '2024-12-29' AND weekday = 0 AND week = 17 ;
INSERT INTO sc_rasp18_days (semcode, day, weekday, week)                 VALUES (242500, '2024-12-29', 0, 17)                  ON CONFLICT DO NOTHING RETURNING id;            SELECT id FROM sc_rasp18_days WHERE semcode = 242500 AND day = '2024-12-30' AND weekday = 1 AND week = 18 ;
INSERT INTO sc_rasp18_days (semcode, day, weekday, week)                 VALUES (242500, '2024-12-30', 1, 18)                  ON CONFLICT DO NOTHING RETURNING id;            SELECT id FROM sc_rasp18_days WHERE semcode = 242500 AND day = '2024-12-31' AND weekday = 2 AND week = 18 ;
INSERT INTO sc_rasp18_days (semcode, day, weekday, week)                 VALUES (242500, '2024-12-31', 2, 18)                  ON CONFLICT DO NOTHING RETURNING id;            SELECT id FROM sc_rasp18_days WHERE semcode = 242500 AND day = '2025-01-01' AND weekday = 3 AND week = 18 ;
INSERT INTO sc_rasp18_days (semcode, day, weekday, week)                 VALUES (242500, '2025-01-01', 3, 18)                  ON CONFLICT DO NOTHING RETURNING id;            SELECT id FROM sc_rasp18_days WHERE semcode = 242500 AND day = '2025-01-02' AND weekday = 4 AND week = 18 ;
INSERT INTO sc_rasp18_days (semcode, day, weekday, week)                 VALUES (242500, '2025-01-02', 4, 18)                  ON CONFLICT DO NOTHING RETURNING id;            SELECT id FROM sc_rasp18_days WHERE semcode = 242500 AND day = '2025-01-03' AND weekday = 5 AND week = 18 ;
INSERT INTO sc_rasp18_days (semcode, day, weekday, week)                 VALUES (242500, '2025-01-03', 5, 18)                  ON CONFLICT DO NOTHING RETURNING id;            SELECT id FROM sc_rasp18_days WHERE semcode = 242500 AND day = '2025-01-04' AND weekday = 6 AND week = 18 ;
INSERT INTO sc_rasp18_days (semcode, day, weekday, week)                 VALUES (242500, '2025-01-04', 6, 18)                  ON CONFLICT DO NOTHING RETURNING id;            SELECT id FROM sc_rasp18_days WHERE semcode = 242500 AND day = '2025-01-05' AND weekday = 0 AND week = 18 ;
INSERT INTO sc_rasp18_days (semcode, day, weekday, week)                 VALUES (242500, '2025-01-05', 0, 18)                  ON CONFLICT DO NOTHING RETURNING id;            SELECT id FROM sc_rasp18_days WHERE semcode = 242500 AND day = '2025-01-06' AND weekday = 1 AND week = 19 ;
INSERT INTO sc_rasp18_days (semcode, day, weekday, week)                 VALUES (242500, '2025-01-06', 1, 19)                  ON CONFLICT DO NOTHING RETURNING id;            SELECT id FROM sc_rasp18_days WHERE semcode = 242500 AND day = '2025-01-07' AND weekday = 2 AND week = 19 ;
INSERT INTO sc_rasp18_days (semcode, day, weekday, week)                 VALUES (242500, '2025-01-07', 2, 19)                  ON CONFLICT DO NOTHING RETURNING id;            SELECT id FROM sc_rasp18_days WHERE semcode = 242500 AND day = '2025-01-08' AND weekday = 3 AND week = 19 ;
INSERT INTO sc_rasp18_days (semcode, day, weekday, week)                 VALUES (242500, '2025-01-08', 3, 19)                  ON CONFLICT DO NOTHING RETURNING id;            SELECT id FROM sc_rasp18_days WHERE semcode = 242500 AND day = '2025-01-09' AND weekday = 4 AND week = 19 ;
INSERT INTO sc_rasp18_days (semcode, day, weekday, week)                 VALUES (242500, '2025-01-09', 4, 19)                  ON CONFLICT DO NOTHING RETURNING id;            SELECT id FROM sc_rasp18_days WHERE semcode = 242500 AND day = '2025-01-10' AND weekday = 5 AND week = 19 ;
INSERT INTO sc_rasp18_days (semcode, day, weekday, week)                 VALUES (242500, '2025-01-10', 5, 19)                  ON CONFLICT DO NOTHING RETURNING id;            SELECT id FROM sc_rasp18_days WHERE semcode = 242500 AND day = '2025-01-11' AND weekday = 6 AND week = 19 ;
INSERT INTO sc_rasp18_days (semcode, day, weekday, week)                 VALUES (242500, '2025-01-11', 6, 19)                  ON CONFLICT DO NOTHING RETURNING id;            SELECT id FROM sc_rasp18_days WHERE semcode = 242500 AND day = '2025-01-12' AND weekday = 0 AND week = 19 ;
INSERT INTO sc_rasp18_days (semcode, day, weekday, week)                 VALUES (242500, '2025-01-12', 0, 19)                  ON CONFLICT DO NOTHING RETURNING id;            SELECT id FROM sc_rasp18_days WHERE semcode = 242500 AND day = '2025-01-13' AND weekday = 1 AND week = 20 ;
INSERT INTO sc_rasp18_days (semcode, day, weekday, week)                 VALUES (242500, '2025-01-13', 1, 20)                  ON CONFLICT DO NOTHING RETURNING id;            SELECT id FROM sc_rasp18_days WHERE semcode = 242500 AND day = '2025-01-14' AND weekday = 2 AND week = 20 ;
INSERT INTO sc_rasp18_days (semcode, day, weekday, week)                 VALUES (242500, '2025-01-14', 2, 20)                  ON CONFLICT DO NOTHING RETURNING id;            SELECT id FROM sc_rasp18_days WHERE semcode = 242500 AND day = '2025-01-15' AND weekday = 3 AND week = 20 ;
INSERT INTO sc_rasp18_days (semcode, day, weekday, week)                 VALUES (242500, '2025-01-15', 3, 20)                  ON CONFLICT DO NOTHING RETURNING id;            SELECT id FROM sc_rasp18_days WHERE semcode = 242500 AND day = '2025-01-16' AND weekday = 4 AND week = 20 ;
INSERT INTO sc_rasp18_days (semcode, day, weekday, week)                 VALUES (242500, '2025-01-16', 4, 20)                  ON CONFLICT DO NOTHING RETURNING id;            SELECT id FROM sc_rasp18_days WHERE semcode = 242500 AND day = '2025-01-17' AND weekday = 5 AND week = 20 ;
INSERT INTO sc_rasp18_days (semcode, day, weekday, week)                 VALUES (242500, '2025-01-17', 5, 20)                  ON CONFLICT DO NOTHING RETURNING id;            SELECT id FROM sc_rasp18_days WHERE semcode = 242500 AND day = '2025-01-18' AND weekday = 6 AND week = 20 ;
INSERT INTO sc_rasp18_days (semcode, day, weekday, week)                 VALUES (242500, '2025-01-18', 6, 20)                  ON CONFLICT DO NOTHING RETURNING id;            SELECT id FROM sc_rasp18_days WHERE semcode = 242500 AND day = '2025-01-19' AND weekday = 0 AND week = 20 ;
INSERT INTO sc_rasp18_days (semcode, day, weekday, week)                 VALUES (242500, '2025-01-19', 0, 20)                  ON CONFLICT DO NOTHING RETURNING id;            SELECT id FROM sc_rasp18_days WHERE semcode = 242500 AND day = '2025-01-20' AND weekday = 1 AND week = 21 ;
INSERT INTO sc_rasp18_days (semcode, day, weekday, week)                 VALUES (242500, '2025-01-20', 1, 21)                  ON CONFLICT DO NOTHING RETURNING id;            SELECT id FROM sc_rasp18_days WHERE semcode = 242500 AND day = '2025-01-21' AND weekday = 2 AND week = 21 ;
INSERT INTO sc_rasp18_days (semcode, day, weekday, week)                 VALUES (242500, '2025-01-21', 2, 21)                  ON CONFLICT DO NOTHING RETURNING id;            SELECT id FROM sc_rasp18_days WHERE semcode = 242500 AND day = '2025-01-22' AND weekday = 3 AND week = 21 ;
INSERT INTO sc_rasp18_days (semcode, day, weekday, week)                 VALUES (242500, '2025-01-22', 3, 21)                  ON CONFLICT DO NOTHING RETURNING id;            SELECT id FROM sc_rasp18_days WHERE semcode = 242500 AND day = '2025-01-23' AND weekday = 4 AND week = 21 ;
INSERT INTO sc_rasp18_days (semcode, day, weekday, week)                 VALUES (242500, '2025-01-23', 4, 21)                  ON CONFLICT DO NOTHING RETURNING id;            SELECT id FROM sc_rasp18_days WHERE semcode = 242500 AND day = '2025-01-24' AND weekday = 5 AND week = 21 ;
INSERT INTO sc_rasp18_days (semcode, day, weekday, week)                 VALUES (242500, '2025-01-24', 5, 21)                  ON CONFLICT DO NOTHING RETURNING id;            SELECT id FROM sc_rasp18_days WHERE semcode = 242500 AND day = '2025-01-25' AND weekday = 6 AND week = 21 ;
INSERT INTO sc_rasp18_days (semcode, day, weekday, week)                 VALUES (242500, '2025-01-25', 6, 21)                  ON CONFLICT DO NOTHING RETURNING id;            SELECT id FROM sc_rasp18_days WHERE semcode = 242500 AND day = '2025-01-26' AND weekday = 0 AND week = 21 ;
INSERT INTO sc_rasp18_days (semcode, day, weekday, week)                 VALUES (242500, '2025-01-26', 0, 21)                  ON CONFLICT DO NOTHING RETURNING id;            SELECT id FROM sc_rasp18_days WHERE semcode = 242500 AND day = '2025-01-27' AND weekday = 1 AND week = 22 ;
INSERT INTO sc_rasp18_days (semcode, day, weekday, week)                 VALUES (242500, '2025-01-27', 1, 22)                  ON CONFLICT DO NOTHING RETURNING id;            SELECT id FROM sc_rasp18_days WHERE semcode = 242500 AND day = '2025-01-28' AND weekday = 2 AND week = 22 ;
INSERT INTO sc_rasp18_days (semcode, day, weekday, week)                 VALUES (242500, '2025-01-28', 2, 22)                  ON CONFLICT DO NOTHING RETURNING id;            SELECT id FROM sc_rasp18_days WHERE semcode = 242500 AND day = '2025-01-29' AND weekday = 3 AND week = 22 ;
INSERT INTO sc_rasp18_days (semcode, day, weekday, week)                 VALUES (242500, '2025-01-29', 3, 22)                  ON CONFLICT DO NOTHING RETURNING id;            SELECT id FROM sc_rasp18_days WHERE semcode = 242500 AND day = '2025-01-30' AND weekday = 4 AND week = 22 ;
INSERT INTO sc_rasp18_days (semcode, day, weekday, week)                 VALUES (242500, '2025-01-30', 4, 22)                  ON CONFLICT DO NOTHING RETURNING id;            SELECT id FROM sc_rasp18_days WHERE semcode = 242500 AND day = '2025-01-31' AND weekday = 5 AND week = 22 ;
INSERT INTO sc_rasp18_days (semcode, day, weekday, week)                 VALUES (242500, '2025-01-31', 5, 22)                  ON CONFLICT DO NOTHING RETURNING id;            SELECT id FROM sc_rasp18_days WHERE semcode = 242500 AND day = '2025-02-01' AND weekday = 6 AND week = 22 ;
INSERT INTO sc_rasp18_days (semcode, day, weekday, week)                 VALUES (242500, '2025-02-01', 6, 22)                  ON CONFLICT DO NOTHING RETURNING id;            SELECT id FROM sc_group WHERE title = 'КМБО-21-24' ;
        SELECT MAX(id) FROM sc_group;INSERT INTO sc_group (id, title) VALUES (0, 'КМБО-21-24') ON CONFLICT DO NOTHING;            SELECT id FROM sc_department WHERE title = 'другая' ;
                    SELECT id FROM sc_disc WHERE title = 'null' AND shorttitle = 'История России' AND department_id = 5 AND varmask = 'null' ;
        SELECT MAX(id) FROM sc_disc;                 INSERT INTO sc_disc (id, title, shorttitle, department_id, varmask)                 VALUES (0, 'null', 'История России', 5, 'null')                  ON CONFLICT DO NOTHING;                 INSERT INTO sc_rasp7 (semcode, version, disc_id, weekday, pair, weeksarray, weekstext)                 VALUES (242500, 13, 0, 1, 1, ARRAY[1, 2, 3, 4, 5, 6, 7, 8, 9, 10, 11, 12, 13, 14, 15, 16], '1, 2, 3, 4, 5, 6, 7, 8, 9, 10, 11, 12, 13, 14, 15, 16')                 ON CONFLICT DO NOTHING RETURNING id;            SELECT id FROM sc_rasp7_groups WHERE rasp7_id = 681 AND group_id = 0 AND subgroup = 0 ;
                        INSERT INTO sc_rasp7_groups (rasp7_id, group_id, subgroup)                 VALUES (681, 0, 0)                 ON CONFLICT DO NOTHING RETURNING id;            SELECT id FROM sc_prep WHERE fio = 'Верченкова В.В.' ;
        SELECT MAX(id) FROM sc_prep;            INSERT INTO sc_prep (id, fio, chair, degree, photo)             VALUES (0, 'Верченкова В.В.', 'None', 'None', 'None') ON CONFLICT DO NOTHING;                INSERT INTO sc_rasp7_preps (rasp7_id, prep_id)                 VALUES (681, 0) ON CONFLICT DO NOTHING RETURNING id;                 INSERT INTO sc_rasp7_rooms (rasp7_id, room)                 VALUES (681, 'А-307') ON CONFLICT DO NOTHING RETURNING id;            SELECT id FROM sc_rasp18_days WHERE semcode = 242500 AND day = '2024-09-02' AND weekday = 1 AND week = 1 ;
INSERT INTO sc_rasp18 (semcode, day_id, pair, kind, worktype, disc_id, timestart, timeend)                 VALUES (242500, 9054, 1, 0, 0, 0, '09:00', '10:30')                  ON CONFLICT DO NOTHING RETURNING id;            SELECT id FROM sc_rasp18_groups WHERE rasp18_id = 11833 AND group_id = 0 AND subgroup = 0 ;
INSERT INTO sc_rasp18_groups (rasp18_id, group_id, subgroup)                 VALUES (11833, 0, 0)                  ON CONFLICT DO NOTHING RETURNING id;            SELECT id FROM sc_rasp18_preps WHERE rasp18_id = 11833 AND prep_id = 0 ;
INSERT INTO sc_rasp18_preps (rasp18_id, prep_id)                 VALUES (11833, 0)                  ON CONFLICT DO NOTHING RETURNING id;            SELECT id FROM sc_rasp18_rooms WHERE rasp18_id = 11833 AND room = 'А-307' ;
INSERT INTO sc_rasp18_rooms (rasp18_id, room)                 VALUES (11833, 'А-307')                  ON CONFLICT DO NOTHING RETURNING id;            SELECT id FROM sc_rasp18_days WHERE semcode = 242500 AND day = '2024-09-09' AND weekday = 1 AND week = 2 ;
INSERT INTO sc_rasp18 (semcode, day_id, pair, kind, worktype, disc_id, timestart, timeend)                 VALUES (242500, 9061, 1, 0, 0, 0, '09:00', '10:30')                  ON CONFLICT DO NOTHING RETURNING id;            SELECT id FROM sc_rasp18_groups WHERE rasp18_id = 11834 AND group_id = 0 AND subgroup = 0 ;
INSERT INTO sc_rasp18_groups (rasp18_id, group_id, subgroup)                 VALUES (11834, 0, 0)                  ON CONFLICT DO NOTHING RETURNING id;            SELECT id FROM sc_rasp18_preps WHERE rasp18_id = 11834 AND prep_id = 0 ;
INSERT INTO sc_rasp18_preps (rasp18_id, prep_id)                 VALUES (11834, 0)                  ON CONFLICT DO NOTHING RETURNING id;            SELECT id FROM sc_rasp18_rooms WHERE rasp18_id = 11834 AND room = 'А-307' ;
INSERT INTO sc_rasp18_rooms (rasp18_id, room)                 VALUES (11834, 'А-307')                  ON CONFLICT DO NOTHING RETURNING id;            SELECT id FROM sc_rasp18_days WHERE semcode = 242500 AND day = '2024-09-16' AND weekday = 1 AND week = 3 ;
INSERT INTO sc_rasp18 (semcode, day_id, pair, kind, worktype, disc_id, timestart, timeend)                 VALUES (242500, 9068, 1, 0, 0, 0, '09:00', '10:30')                  ON CONFLICT DO NOTHING RETURNING id;            SELECT id FROM sc_rasp18_groups WHERE rasp18_id = 11835 AND group_id = 0 AND subgroup = 0 ;
INSERT INTO sc_rasp18_groups (rasp18_id, group_id, subgroup)                 VALUES (11835, 0, 0)                  ON CONFLICT DO NOTHING RETURNING id;            SELECT id FROM sc_rasp18_preps WHERE rasp18_id = 11835 AND prep_id = 0 ;
INSERT INTO sc_rasp18_preps (rasp18_id, prep_id)                 VALUES (11835, 0)                  ON CONFLICT DO NOTHING RETURNING id;            SELECT id FROM sc_rasp18_rooms WHERE rasp18_id = 11835 AND room = 'А-307' ;
INSERT INTO sc_rasp18_rooms (rasp18_id, room)                 VALUES (11835, 'А-307')                  ON CONFLICT DO NOTHING RETURNING id;            SELECT id FROM sc_rasp18_days WHERE semcode = 242500 AND day = '2024-09-23' AND weekday = 1 AND week = 4 ;
INSERT INTO sc_rasp18 (semcode, day_id, pair, kind, worktype, disc_id, timestart, timeend)                 VALUES (242500, 9075, 1, 0, 0, 0, '09:00', '10:30')                  ON CONFLICT DO NOTHING RETURNING id;            SELECT id FROM sc_rasp18_groups WHERE rasp18_id = 11836 AND group_id = 0 AND subgroup = 0 ;
INSERT INTO sc_rasp18_groups (rasp18_id, group_id, subgroup)                 VALUES (11836, 0, 0)                  ON CONFLICT DO NOTHING RETURNING id;            SELECT id FROM sc_rasp18_preps WHERE rasp18_id = 11836 AND prep_id = 0 ;
INSERT INTO sc_rasp18_preps (rasp18_id, prep_id)                 VALUES (11836, 0)                  ON CONFLICT DO NOTHING RETURNING id;            SELECT id FROM sc_rasp18_rooms WHERE rasp18_id = 11836 AND room = 'А-307' ;
INSERT INTO sc_rasp18_rooms (rasp18_id, room)                 VALUES (11836, 'А-307')                  ON CONFLICT DO NOTHING RETURNING id;            SELECT id FROM sc_rasp18_days WHERE semcode = 242500 AND day = '2024-09-30' AND weekday = 1 AND week = 5 ;
INSERT INTO sc_rasp18 (semcode, day_id, pair, kind, worktype, disc_id, timestart, timeend)                 VALUES (242500, 9082, 1, 0, 0, 0, '09:00', '10:30')                  ON CONFLICT DO NOTHING RETURNING id;            SELECT id FROM sc_rasp18_groups WHERE rasp18_id = 11837 AND group_id = 0 AND subgroup = 0 ;
INSERT INTO sc_rasp18_groups (rasp18_id, group_id, subgroup)                 VALUES (11837, 0, 0)                  ON CONFLICT DO NOTHING RETURNING id;            SELECT id FROM sc_rasp18_preps WHERE rasp18_id = 11837 AND prep_id = 0 ;
INSERT INTO sc_rasp18_preps (rasp18_id, prep_id)                 VALUES (11837, 0)                  ON CONFLICT DO NOTHING RETURNING id;            SELECT id FROM sc_rasp18_rooms WHERE rasp18_id = 11837 AND room = 'А-307' ;
INSERT INTO sc_rasp18_rooms (rasp18_id, room)                 VALUES (11837, 'А-307')                  ON CONFLICT DO NOTHING RETURNING id;            SELECT id FROM sc_rasp18_days WHERE semcode = 242500 AND day = '2024-10-07' AND weekday = 1 AND week = 6 ;
INSERT INTO sc_rasp18 (semcode, day_id, pair, kind, worktype, disc_id, timestart, timeend)                 VALUES (242500, 9089, 1, 0, 0, 0, '09:00', '10:30')                  ON CONFLICT DO NOTHING RETURNING id;            SELECT id FROM sc_rasp18_groups WHERE rasp18_id = 11838 AND group_id = 0 AND subgroup = 0 ;
INSERT INTO sc_rasp18_groups (rasp18_id, group_id, subgroup)                 VALUES (11838, 0, 0)                  ON CONFLICT DO NOTHING RETURNING id;            SELECT id FROM sc_rasp18_preps WHERE rasp18_id = 11838 AND prep_id = 0 ;
INSERT INTO sc_rasp18_preps (rasp18_id, prep_id)                 VALUES (11838, 0)                  ON CONFLICT DO NOTHING RETURNING id;            SELECT id FROM sc_rasp18_rooms WHERE rasp18_id = 11838 AND room = 'А-307' ;
INSERT INTO sc_rasp18_rooms (rasp18_id, room)                 VALUES (11838, 'А-307')                  ON CONFLICT DO NOTHING RETURNING id;            SELECT id FROM sc_rasp18_days WHERE semcode = 242500 AND day = '2024-10-14' AND weekday = 1 AND week = 7 ;
INSERT INTO sc_rasp18 (semcode, day_id, pair, kind, worktype, disc_id, timestart, timeend)                 VALUES (242500, 9096, 1, 0, 0, 0, '09:00', '10:30')                  ON CONFLICT DO NOTHING RETURNING id;            SELECT id FROM sc_rasp18_groups WHERE rasp18_id = 11839 AND group_id = 0 AND subgroup = 0 ;
INSERT INTO sc_rasp18_groups (rasp18_id, group_id, subgroup)                 VALUES (11839, 0, 0)                  ON CONFLICT DO NOTHING RETURNING id;            SELECT id FROM sc_rasp18_preps WHERE rasp18_id = 11839 AND prep_id = 0 ;
INSERT INTO sc_rasp18_preps (rasp18_id, prep_id)                 VALUES (11839, 0)                  ON CONFLICT DO NOTHING RETURNING id;            SELECT id FROM sc_rasp18_rooms WHERE rasp18_id = 11839 AND room = 'А-307' ;
INSERT INTO sc_rasp18_rooms (rasp18_id, room)                 VALUES (11839, 'А-307')                  ON CONFLICT DO NOTHING RETURNING id;            SELECT id FROM sc_rasp18_days WHERE semcode = 242500 AND day = '2024-10-21' AND weekday = 1 AND week = 8 ;
INSERT INTO sc_rasp18 (semcode, day_id, pair, kind, worktype, disc_id, timestart, timeend)                 VALUES (242500, 9103, 1, 0, 0, 0, '09:00', '10:30')                  ON CONFLICT DO NOTHING RETURNING id;            SELECT id FROM sc_rasp18_groups WHERE rasp18_id = 11840 AND group_id = 0 AND subgroup = 0 ;
INSERT INTO sc_rasp18_groups (rasp18_id, group_id, subgroup)                 VALUES (11840, 0, 0)                  ON CONFLICT DO NOTHING RETURNING id;            SELECT id FROM sc_rasp18_preps WHERE rasp18_id = 11840 AND prep_id = 0 ;
INSERT INTO sc_rasp18_preps (rasp18_id, prep_id)                 VALUES (11840, 0)                  ON CONFLICT DO NOTHING RETURNING id;            SELECT id FROM sc_rasp18_rooms WHERE rasp18_id = 11840 AND room = 'А-307' ;
INSERT INTO sc_rasp18_rooms (rasp18_id, room)                 VALUES (11840, 'А-307')                  ON CONFLICT DO NOTHING RETURNING id;            SELECT id FROM sc_rasp18_days WHERE semcode = 242500 AND day = '2024-10-28' AND weekday = 1 AND week = 9 ;
INSERT INTO sc_rasp18 (semcode, day_id, pair, kind, worktype, disc_id, timestart, timeend)                 VALUES (242500, 9110, 1, 0, 0, 0, '09:00', '10:30')                  ON CONFLICT DO NOTHING RETURNING id;            SELECT id FROM sc_rasp18_groups WHERE rasp18_id = 11841 AND group_id = 0 AND subgroup = 0 ;
INSERT INTO sc_rasp18_groups (rasp18_id, group_id, subgroup)                 VALUES (11841, 0, 0)                  ON CONFLICT DO NOTHING RETURNING id;            SELECT id FROM sc_rasp18_preps WHERE rasp18_id = 11841 AND prep_id = 0 ;
INSERT INTO sc_rasp18_preps (rasp18_id, prep_id)                 VALUES (11841, 0)                  ON CONFLICT DO NOTHING RETURNING id;            SELECT id FROM sc_rasp18_rooms WHERE rasp18_id = 11841 AND room = 'А-307' ;
INSERT INTO sc_rasp18_rooms (rasp18_id, room)                 VALUES (11841, 'А-307')                  ON CONFLICT DO NOTHING RETURNING id;            SELECT id FROM sc_rasp18_days WHERE semcode = 242500 AND day = '2024-11-04' AND weekday = 1 AND week = 10 ;
INSERT INTO sc_rasp18 (semcode, day_id, pair, kind, worktype, disc_id, timestart, timeend)                 VALUES (242500, 9117, 1, 0, 0, 0, '09:00', '10:30')                  ON CONFLICT DO NOTHING RETURNING id;            SELECT id FROM sc_rasp18_groups WHERE rasp18_id = 11842 AND group_id = 0 AND subgroup = 0 ;
INSERT INTO sc_rasp18_groups (rasp18_id, group_id, subgroup)                 VALUES (11842, 0, 0)                  ON CONFLICT DO NOTHING RETURNING id;            SELECT id FROM sc_rasp18_preps WHERE rasp18_id = 11842 AND prep_id = 0 ;
INSERT INTO sc_rasp18_preps (rasp18_id, prep_id)                 VALUES (11842, 0)                  ON CONFLICT DO NOTHING RETURNING id;            SELECT id FROM sc_rasp18_rooms WHERE rasp18_id = 11842 AND room = 'А-307' ;
INSERT INTO sc_rasp18_rooms (rasp18_id, room)                 VALUES (11842, 'А-307')                  ON CONFLICT DO NOTHING RETURNING id;            SELECT id FROM sc_rasp18_days WHERE semcode = 242500 AND day = '2024-11-11' AND weekday = 1 AND week = 11 ;
INSERT INTO sc_rasp18 (semcode, day_id, pair, kind, worktype, disc_id, timestart, timeend)                 VALUES (242500, 9124, 1, 0, 0, 0, '09:00', '10:30')                  ON CONFLICT DO NOTHING RETURNING id;            SELECT id FROM sc_rasp18_groups WHERE rasp18_id = 11843 AND group_id = 0 AND subgroup = 0 ;
INSERT INTO sc_rasp18_groups (rasp18_id, group_id, subgroup)                 VALUES (11843, 0, 0)                  ON CONFLICT DO NOTHING RETURNING id;            SELECT id FROM sc_rasp18_preps WHERE rasp18_id = 11843 AND prep_id = 0 ;
INSERT INTO sc_rasp18_preps (rasp18_id, prep_id)                 VALUES (11843, 0)                  ON CONFLICT DO NOTHING RETURNING id;            SELECT id FROM sc_rasp18_rooms WHERE rasp18_id = 11843 AND room = 'А-307' ;
INSERT INTO sc_rasp18_rooms (rasp18_id, room)                 VALUES (11843, 'А-307')                  ON CONFLICT DO NOTHING RETURNING id;            SELECT id FROM sc_rasp18_days WHERE semcode = 242500 AND day = '2024-11-18' AND weekday = 1 AND week = 12 ;
INSERT INTO sc_rasp18 (semcode, day_id, pair, kind, worktype, disc_id, timestart, timeend)                 VALUES (242500, 9131, 1, 0, 0, 0, '09:00', '10:30')                  ON CONFLICT DO NOTHING RETURNING id;            SELECT id FROM sc_rasp18_groups WHERE rasp18_id = 11844 AND group_id = 0 AND subgroup = 0 ;
INSERT INTO sc_rasp18_groups (rasp18_id, group_id, subgroup)                 VALUES (11844, 0, 0)                  ON CONFLICT DO NOTHING RETURNING id;            SELECT id FROM sc_rasp18_preps WHERE rasp18_id = 11844 AND prep_id = 0 ;
INSERT INTO sc_rasp18_preps (rasp18_id, prep_id)                 VALUES (11844, 0)                  ON CONFLICT DO NOTHING RETURNING id;            SELECT id FROM sc_rasp18_rooms WHERE rasp18_id = 11844 AND room = 'А-307' ;
INSERT INTO sc_rasp18_rooms (rasp18_id, room)                 VALUES (11844, 'А-307')                  ON CONFLICT DO NOTHING RETURNING id;            SELECT id FROM sc_rasp18_days WHERE semcode = 242500 AND day = '2024-11-25' AND weekday = 1 AND week = 13 ;
INSERT INTO sc_rasp18 (semcode, day_id, pair, kind, worktype, disc_id, timestart, timeend)                 VALUES (242500, 9138, 1, 0, 0, 0, '09:00', '10:30')                  ON CONFLICT DO NOTHING RETURNING id;            SELECT id FROM sc_rasp18_groups WHERE rasp18_id = 11845 AND group_id = 0 AND subgroup = 0 ;
INSERT INTO sc_rasp18_groups (rasp18_id, group_id, subgroup)                 VALUES (11845, 0, 0)                  ON CONFLICT DO NOTHING RETURNING id;            SELECT id FROM sc_rasp18_preps WHERE rasp18_id = 11845 AND prep_id = 0 ;
INSERT INTO sc_rasp18_preps (rasp18_id, prep_id)                 VALUES (11845, 0)                  ON CONFLICT DO NOTHING RETURNING id;            SELECT id FROM sc_rasp18_rooms WHERE rasp18_id = 11845 AND room = 'А-307' ;
INSERT INTO sc_rasp18_rooms (rasp18_id, room)                 VALUES (11845, 'А-307')                  ON CONFLICT DO NOTHING RETURNING id;            SELECT id FROM sc_rasp18_days WHERE semcode = 242500 AND day = '2024-12-02' AND weekday = 1 AND week = 14 ;
INSERT INTO sc_rasp18 (semcode, day_id, pair, kind, worktype, disc_id, timestart, timeend)                 VALUES (242500, 9145, 1, 0, 0, 0, '09:00', '10:30')                  ON CONFLICT DO NOTHING RETURNING id;            SELECT id FROM sc_rasp18_groups WHERE rasp18_id = 11846 AND group_id = 0 AND subgroup = 0 ;
INSERT INTO sc_rasp18_groups (rasp18_id, group_id, subgroup)                 VALUES (11846, 0, 0)                  ON CONFLICT DO NOTHING RETURNING id;            SELECT id FROM sc_rasp18_preps WHERE rasp18_id = 11846 AND prep_id = 0 ;
INSERT INTO sc_rasp18_preps (rasp18_id, prep_id)                 VALUES (11846, 0)                  ON CONFLICT DO NOTHING RETURNING id;            SELECT id FROM sc_rasp18_rooms WHERE rasp18_id = 11846 AND room = 'А-307' ;
INSERT INTO sc_rasp18_rooms (rasp18_id, room)                 VALUES (11846, 'А-307')                  ON CONFLICT DO NOTHING RETURNING id;            SELECT id FROM sc_rasp18_days WHERE semcode = 242500 AND day = '2024-12-09' AND weekday = 1 AND week = 15 ;
INSERT INTO sc_rasp18 (semcode, day_id, pair, kind, worktype, disc_id, timestart, timeend)                 VALUES (242500, 9152, 1, 0, 0, 0, '09:00', '10:30')                  ON CONFLICT DO NOTHING RETURNING id;            SELECT id FROM sc_rasp18_groups WHERE rasp18_id = 11847 AND group_id = 0 AND subgroup = 0 ;
INSERT INTO sc_rasp18_groups (rasp18_id, group_id, subgroup)                 VALUES (11847, 0, 0)                  ON CONFLICT DO NOTHING RETURNING id;            SELECT id FROM sc_rasp18_preps WHERE rasp18_id = 11847 AND prep_id = 0 ;
INSERT INTO sc_rasp18_preps (rasp18_id, prep_id)                 VALUES (11847, 0)                  ON CONFLICT DO NOTHING RETURNING id;            SELECT id FROM sc_rasp18_rooms WHERE rasp18_id = 11847 AND room = 'А-307' ;
INSERT INTO sc_rasp18_rooms (rasp18_id, room)                 VALUES (11847, 'А-307')                  ON CONFLICT DO NOTHING RETURNING id;            SELECT id FROM sc_rasp18_days WHERE semcode = 242500 AND day = '2024-12-16' AND weekday = 1 AND week = 16 ;
INSERT INTO sc_rasp18 (semcode, day_id, pair, kind, worktype, disc_id, timestart, timeend)                 VALUES (242500, 9159, 1, 0, 0, 0, '09:00', '10:30')                  ON CONFLICT DO NOTHING RETURNING id;            SELECT id FROM sc_rasp18_groups WHERE rasp18_id = 11848 AND group_id = 0 AND subgroup = 0 ;
INSERT INTO sc_rasp18_groups (rasp18_id, group_id, subgroup)                 VALUES (11848, 0, 0)                  ON CONFLICT DO NOTHING RETURNING id;            SELECT id FROM sc_rasp18_preps WHERE rasp18_id = 11848 AND prep_id = 0 ;
INSERT INTO sc_rasp18_preps (rasp18_id, prep_id)                 VALUES (11848, 0)                  ON CONFLICT DO NOTHING RETURNING id;            SELECT id FROM sc_rasp18_rooms WHERE rasp18_id = 11848 AND room = 'А-307' ;
INSERT INTO sc_rasp18_rooms (rasp18_id, room)                 VALUES (11848, 'А-307')                  ON CONFLICT DO NOTHING RETURNING id;            SELECT id FROM sc_department WHERE title = 'другая' ;
                    SELECT id FROM sc_department WHERE title = 'ВЕГА' ;
                    SELECT id FROM sc_disc WHERE title = 'null' AND shorttitle = 'Мат. анализ' AND department_id = 1 AND varmask = 'null' ;
        SELECT MAX(id) FROM sc_disc;                 INSERT INTO sc_disc (id, title, shorttitle, department_id, varmask)                 VALUES (1, 'null', 'Мат. анализ', 1, 'null')                  ON CONFLICT DO NOTHING;                 INSERT INTO sc_rasp7 (semcode, version, disc_id, weekday, pair, weeksarray, weekstext)                 VALUES (242500, 13, 1, 1, 2, ARRAY[1, 2, 3, 4, 5, 6, 7, 8, 9, 10, 11, 12, 13, 14, 15, 16], '1, 2, 3, 4, 5, 6, 7, 8, 9, 10, 11, 12, 13, 14, 15, 16')                 ON CONFLICT DO NOTHING RETURNING id;            SELECT id FROM sc_rasp7_groups WHERE rasp7_id = 682 AND group_id = 0 AND subgroup = 0 ;
                        INSERT INTO sc_rasp7_groups (rasp7_id, group_id, subgroup)                 VALUES (682, 0, 0)                 ON CONFLICT DO NOTHING RETURNING id;            SELECT id FROM sc_prep WHERE fio = 'Старостина А.В.' ;
        SELECT MAX(id) FROM sc_prep;            INSERT INTO sc_prep (id, fio, chair, degree, photo)             VALUES (1, 'Старостина А.В.', 'None', 'None', 'None') ON CONFLICT DO NOTHING;                INSERT INTO sc_rasp7_preps (rasp7_id, prep_id)                 VALUES (682, 1) ON CONFLICT DO NOTHING RETURNING id;                 INSERT INTO sc_rasp7_rooms (rasp7_id, room)                 VALUES (682, 'Д-210') ON CONFLICT DO NOTHING RETURNING id;            SELECT id FROM sc_rasp18_days WHERE semcode = 242500 AND day = '2024-09-02' AND weekday = 1 AND week = 1 ;
INSERT INTO sc_rasp18 (semcode, day_id, pair, kind, worktype, disc_id, timestart, timeend)                 VALUES (242500, 9054, 2, 0, 0, 1, '10:40', '12:10')                  ON CONFLICT DO NOTHING RETURNING id;            SELECT id FROM sc_rasp18_groups WHERE rasp18_id = 11849 AND group_id = 0 AND subgroup = 0 ;
INSERT INTO sc_rasp18_groups (rasp18_id, group_id, subgroup)                 VALUES (11849, 0, 0)                  ON CONFLICT DO NOTHING RETURNING id;            SELECT id FROM sc_rasp18_preps WHERE rasp18_id = 11849 AND prep_id = 1 ;
INSERT INTO sc_rasp18_preps (rasp18_id, prep_id)                 VALUES (11849, 1)                  ON CONFLICT DO NOTHING RETURNING id;            SELECT id FROM sc_rasp18_rooms WHERE rasp18_id = 11849 AND room = 'Д-210' ;
INSERT INTO sc_rasp18_rooms (rasp18_id, room)                 VALUES (11849, 'Д-210')                  ON CONFLICT DO NOTHING RETURNING id;            SELECT id FROM sc_rasp18_days WHERE semcode = 242500 AND day = '2024-09-09' AND weekday = 1 AND week = 2 ;
INSERT INTO sc_rasp18 (semcode, day_id, pair, kind, worktype, disc_id, timestart, timeend)                 VALUES (242500, 9061, 2, 0, 0, 1, '10:40', '12:10')                  ON CONFLICT DO NOTHING RETURNING id;            SELECT id FROM sc_rasp18_groups WHERE rasp18_id = 11850 AND group_id = 0 AND subgroup = 0 ;
INSERT INTO sc_rasp18_groups (rasp18_id, group_id, subgroup)                 VALUES (11850, 0, 0)                  ON CONFLICT DO NOTHING RETURNING id;            SELECT id FROM sc_rasp18_preps WHERE rasp18_id = 11850 AND prep_id = 1 ;
INSERT INTO sc_rasp18_preps (rasp18_id, prep_id)                 VALUES (11850, 1)                  ON CONFLICT DO NOTHING RETURNING id;            SELECT id FROM sc_rasp18_rooms WHERE rasp18_id = 11850 AND room = 'Д-210' ;
INSERT INTO sc_rasp18_rooms (rasp18_id, room)                 VALUES (11850, 'Д-210')                  ON CONFLICT DO NOTHING RETURNING id;            SELECT id FROM sc_rasp18_days WHERE semcode = 242500 AND day = '2024-09-16' AND weekday = 1 AND week = 3 ;
INSERT INTO sc_rasp18 (semcode, day_id, pair, kind, worktype, disc_id, timestart, timeend)                 VALUES (242500, 9068, 2, 0, 0, 1, '10:40', '12:10')                  ON CONFLICT DO NOTHING RETURNING id;            SELECT id FROM sc_rasp18_groups WHERE rasp18_id = 11851 AND group_id = 0 AND subgroup = 0 ;
INSERT INTO sc_rasp18_groups (rasp18_id, group_id, subgroup)                 VALUES (11851, 0, 0)                  ON CONFLICT DO NOTHING RETURNING id;            SELECT id FROM sc_rasp18_preps WHERE rasp18_id = 11851 AND prep_id = 1 ;
INSERT INTO sc_rasp18_preps (rasp18_id, prep_id)                 VALUES (11851, 1)                  ON CONFLICT DO NOTHING RETURNING id;            SELECT id FROM sc_rasp18_rooms WHERE rasp18_id = 11851 AND room = 'Д-210' ;
INSERT INTO sc_rasp18_rooms (rasp18_id, room)                 VALUES (11851, 'Д-210')                  ON CONFLICT DO NOTHING RETURNING id;            SELECT id FROM sc_rasp18_days WHERE semcode = 242500 AND day = '2024-09-23' AND weekday = 1 AND week = 4 ;
INSERT INTO sc_rasp18 (semcode, day_id, pair, kind, worktype, disc_id, timestart, timeend)                 VALUES (242500, 9075, 2, 0, 0, 1, '10:40', '12:10')                  ON CONFLICT DO NOTHING RETURNING id;            SELECT id FROM sc_rasp18_groups WHERE rasp18_id = 11852 AND group_id = 0 AND subgroup = 0 ;
INSERT INTO sc_rasp18_groups (rasp18_id, group_id, subgroup)                 VALUES (11852, 0, 0)                  ON CONFLICT DO NOTHING RETURNING id;            SELECT id FROM sc_rasp18_preps WHERE rasp18_id = 11852 AND prep_id = 1 ;
INSERT INTO sc_rasp18_preps (rasp18_id, prep_id)                 VALUES (11852, 1)                  ON CONFLICT DO NOTHING RETURNING id;